Term;CNNFP;ECFP
Radiopharmaceuticals;0.9972629273073153;0.9540980709120375
Antimetabolites, Antineoplastic;0.9964999215932258;0.9589575517786276
Adrenergic alpha-Agonists;0.9998247535596934;0.9721138561422725
